x1,x2,x3,y
-2.1564357,0.82479423,0.14233887,-3.9599934
-0.08998096,2.0261817,-1.1313013,-3.1989772
0.3734982,0.23421519,0.32453153,5.3996167
-1.6335335,1.216066,-0.567956,-4.7480493
-1.5836362,2.2053368,1.3184698,-3.222678
0.026505185,0.116104685,1.9732492,7.9503293
0.24254534,-0.54245585,-0.480124,5.2618637
0.46986791,0.7688554,0.21002989,4.1856165
0.3719431,-0.6486165,0.09451907,7.069924
-0.8192974,-0.5700864,0.6513429,4.4022083
-0.82495046,-0.75039583,-1.6331972,0.2705012
1.6555727,0.40684983,0.07462248,8.34479
0.9849359,0.26047194,-1.5799224,3.361517
-0.5858626,-1.3422475,0.62734884,6.9201293
0.14860678,0.24805264,-0.30248353,3.451508
0.79589146,0.691751,0.6342896,6.1804104
-2.3721843,-0.9579229,0.22763786,-0.15384836
-0.5132299,0.25168398,-0.1932968,1.6592385
-0.5789327,1.253198,0.95027226,1.3433402
0.5366224,1.104216,-0.69898045,1.7621255
1.7108574,1.1880958,-0.4898382,5.4990764
-0.75677305,0.6927348,-0.04009576,0.19320425
0.9228447,-1.8328608,1.6297626,14.645809
-0.4684722,-0.8944718,-0.9149019,3.1335762
1.0131099,1.8005837,0.4469002,3.8273976
-0.21616265,0.6921558,0.90733135,3.6960924
1.1023383,0.04018667,0.77740383,8.967713
1.3368357,-0.1735995,-0.41036204,7.803689
1.7204387,0.72011495,0.37810692,8.39979
-0.67327857,-1.0646931,-0.43322703,3.8624668
0.056936458,-0.4104559,-0.63830334,4.0812244
-0.85068005,-0.8080417,-0.29725966,2.9966056
0.94337344,-1.379046,0.22331004,10.776902
-1.004456,0.59478205,0.5593938,0.8742932
-0.27286524,0.005233255,0.16514185,3.6858013
0.2964729,1.3029299,-0.19285788,1.5514938
-0.0911359,-0.27978164,1.3207853,7.236003
-0.45616582,-0.7687134,0.19288144,5.054913
0.8110381,0.52343696,0.82951784,7.045644
0.33057728,-0.26443028,-0.93883234,3.934269
0.5014172,1.4752842,1.4696102,5.1255717
0.7876118,0.9764588,1.6497898,7.519051
-0.4083744,-2.8268354,0.13800928,10.018854
0.32875293,0.8040525,0.12990445,3.5183098
1.7948925,0.7184203,-1.699475,4.448384
-1.4301174,-2.8521068,-0.9315957,4.884758
2.4424028,-0.47009394,-0.5679908,11.531762
2.1991985,-1.5449387,-0.16434398,14.162455
0.03853234,-1.145491,-0.51970845,6.027468
0.6952515,-2.3349185,-0.17116855,11.5477295
0.41855094,0.821793,-2.3089848,-1.1453984
-0.6808983,-0.5513301,0.9105015,5.292594
0.7942733,-0.11487024,0.33566043,7.5276566
0.08547842,0.5901063,-0.59438825,1.8487372
0.54327005,1.2588514,0.091940366,2.9917378
0.10735754,-0.29539153,-0.1543575,4.912039
-0.6335985,1.4570713,1.9398264,2.6775284
0.9926904,0.3070691,0.45851648,7.3593082
-0.13935786,1.7572852,-1.1760025,-2.7822518
-0.22848488,0.3499459,0.78356683,4.25134
1.3106087,0.24093401,0.84983677,9.246844
-0.23560505,0.8451218,0.15825827,1.7826369
0.5884384,2.0393775,0.29641134,1.6684209
-0.6972004,1.2283424,-0.5073231,-1.8473644
-0.7974165,-2.6388614,-0.98219514,6.179613
1.7477219,0.3851798,-0.30680302,7.912081
-0.2701353,-0.057781093,0.09988232,3.7281234
-0.54379934,-0.51196736,0.054917768,3.905753
-1.6446389,1.2906048,0.51719874,-2.8018184
-0.17333908,-0.6603716,0.105544746,5.4835496
-0.10314932,-0.5899048,0.3385301,5.990238
0.07860148,0.118094996,-0.7314676,2.6866295
0.64103365,1.8970476,-0.02643297,1.5024158
0.9257457,0.13320272,1.8763505,10.418649
0.2887682,-0.69882923,-1.0764707,4.582382
-0.40766615,-1.1323133,0.10263705,5.92085
-1.9157172,0.36748973,-0.8919777,-4.2123537
0.32800767,0.2364463,-1.6300188,1.3454753
-1.1338395,-0.8622298,-0.9308546,0.99361867
-1.6300752,0.73532766,-0.01472123,-2.4816568
-0.33439073,0.052962806,-2.768775,-2.4543626
0.81303316,-0.67408144,-0.7045145,6.856112
0.849692,0.3087659,1.3422539,8.695522
-1.7995715,-0.35800543,1.5147747,2.683468
0.9691057,-1.423641,-1.2450403,8.031568
-0.38444632,-1.4894242,-1.1184704,4.357747
0.94873774,-0.9164443,-0.84500015,7.5590205
-0.95146066,-1.5283613,-1.3773177,2.2656033
-1.5785007,-1.5329008,1.9577383,7.0659285
-0.33633226,-0.4722743,0.14781907,4.6325636
-0.68845874,0.49323216,1.1774585,3.2946386
-0.45003048,-0.015148088,-0.29785633,2.3077028
1.0705203,-0.016969409,-2.2557895,2.9468265
-0.20110649,-0.878412,-1.2927688,3.121595
1.391816,-1.2152914,-1.1683818,8.959632
0.4993307,-0.9190172,1.1432824,10.1964655
-0.26598674,-1.2530793,0.39121437,7.186954
-0.12563811,0.56216633,-0.4522316,1.5696487
0.35385022,-2.7746012,1.2939483,14.525388
-0.3474601,-2.9312878,0.72996,11.64774
-0.29287866,-0.053911503,0.004497553,3.468882
-0.007226003,-1.3884803,0.37280706,8.255087
-0.6879823,0.47310627,0.10508956,1.215717
3.264408,0.5777009,1.4169004,15.425274
-1.2574723,-0.5101332,-1.9131043,-2.1866975
-1.7147268,-0.34938565,0.40249977,0.7013631
0.88173956,-1.1983526,1.3370425,12.394511
-0.9342236,0.14290293,-2.0722716,-3.0968475
0.063389376,-0.27123883,1.7549739,8.536594
0.6794858,-0.3436495,-0.60423607,5.8466816
-0.025199087,0.67965347,0.77579755,4.0417733
0.17882487,0.33169007,0.1274948,4.1819787
0.17608058,0.4943024,2.7545862,9.038847
-0.22557507,0.7093059,-1.1661431,-0.50436157
-0.14655632,1.0950814,-1.7105253,-2.284916
-1.0427201,-0.30647817,-0.7103621,0.38164282
-0.2451664,1.362762,-0.100234866,-0.008951933
-1.5441955,-0.38345948,1.6062583,3.6939213
0.89849263,-0.28283587,0.80622923,9.184928
2.0128503,-0.1522304,-0.000786605,10.616649
-0.6344203,1.1589969,-0.8689646,-2.2230058
-0.44429418,-0.7463938,1.934126,8.531035
0.86264926,0.9963993,-0.18329868,4.0176907
-0.57505083,1.8258178,-0.95829606,-3.8316755
-0.9840025,0.8497453,0.400355,0.01402647
1.0798622,-1.3557309,-0.793186,9.102917
-0.30217975,0.1408535,-0.73657095,1.4868035
0.27732044,1.5323398,2.1742566,5.705442
1.128371,-0.30589274,-0.20426923,7.919814
-2.0391552,-1.0808903,-0.3674856,-0.03751392
1.0985898,0.13988984,-0.046699516,7.05115
0.4668516,-0.065849364,0.46394432,6.6822205
0.3232346,1.3084736,0.71718115,3.4757683
-0.15809491,-0.19597037,-0.24773212,3.709959
0.23119374,0.06009082,-0.5806972,3.5702944
-0.08655102,-2.148908,-0.53158796,8.049527
-1.1567082,-0.7467659,-0.90399647,0.72555435
-0.28135535,0.1531662,1.1125021,5.208231
0.002065053,1.3622417,-0.8771178,-0.81978357
-0.24748887,-0.46746406,-1.3222612,1.9375684
-0.07116514,1.6534644,0.22417453,0.46677506
-0.58878005,-0.007284145,-2.3436291,-2.233764
-0.52496547,0.5131256,-0.4122057,0.5647239
-0.70839244,-0.2509596,1.3025942,5.2855635
2.2071455,-0.96970195,1.4893297,16.13163
-1.2454996,1.8224349,0.3628862,-3.1697104
-0.005981914,-0.8183704,0.6751696,7.4845815
1.1537796,-0.7226088,2.469096,14.32718
0.57650447,-0.9241511,-0.35629758,7.4232574
-0.47849494,-0.57654214,0.19017544,4.5160213
-0.4347772,-1.8170795,0.44660884,8.150436
-0.49044055,0.16195236,-0.88181955,0.58089817
1.2185187,-0.120563254,0.3025322,8.759974
0.023575997,-0.48831183,-0.9106748,3.6185112
0.21149382,0.7038589,0.7368915,4.620413
-0.15579242,-0.93605506,-0.3448272,5.3022785
0.062148485,1.8315095,-0.5337516,-1.0667194
1.685209,1.1409266,-0.5146106,5.4760594
1.1572616,-0.20883875,0.9077053,9.973871
-0.030579614,-0.47791246,1.4516231,8.172473
0.17773011,0.8134447,-1.8815067,-0.9639626
1.2098248,1.3091047,-0.46207958,3.778432
1.0090877,-0.5965739,0.5086625,9.666391
-1.3942969,-0.61344457,-0.4620126,0.57677025
-0.9289786,1.5662647,0.96507144,-0.42300758
0.81704986,-0.67227364,0.7263602,9.695618
-0.81772035,1.7239859,-0.1941186,-2.773105
-0.21897022,1.3567387,-1.4797941,-2.6810393
-1.0851444,-0.22021733,-0.79387254,-0.111218974
0.69587445,0.2449059,-0.21756853,5.2668347
-0.7905478,-0.37624216,-0.13329846,2.4612064
0.5299738,-0.6529815,1.1034279,9.568707
0.12435959,0.5799949,0.8551043,4.875861
-1.1530516,1.2702727,0.84248227,-0.61666083
0.5028607,-0.80433047,-1.3926511,4.8359704
-0.6185972,0.6127832,0.02321277,0.9222083
0.07514945,-1.118965,0.58184826,8.273844
0.20406161,-0.9350491,-0.4247181,6.203246
0.10092388,-0.24239701,-0.96688145,3.1341639
-0.71351314,-0.5598902,-1.7743863,-0.14434576
0.18676284,-0.31248534,0.8491673,7.2118783
0.9867818,-1.7610025,-0.5837253,10.222522
-0.052180134,0.6094942,0.08319609,2.7400553
1.1322427,-1.3830799,1.4184608,13.756591
-0.27207786,2.1745882,0.7259854,-0.37841183
0.61152774,-0.052477762,-0.27569553,5.6042542
-1.5987815,2.7309358,0.8454604,-5.459161
0.48359376,-0.5769724,0.92666966,8.898802
-0.1480924,0.4279566,-0.5294502,1.672593
-0.9308293,-0.009964896,-0.37203643,0.69104433
0.26275006,0.57330567,0.03943413,3.690973
0.4648113,2.207739,-0.84752935,-1.4063593
0.4806567,0.202589,-0.9888129,3.1686077
-1.6726934,0.17263013,0.7925792,0.3399102
1.001838,-0.99706686,-1.7023684,6.2128077
-1.5586344,-0.9702737,-0.12551513,1.6134942
-0.15613614,-0.34499797,0.94537073,6.4269276
-2.275612,-0.7128853,-0.45267433,-1.8220344
-0.5487778,1.5225886,-0.8037256,-2.7124984
2.0345087,1.3805714,-0.4037767,6.193552
0.34877038,-0.5221481,1.4177754,9.340166
0.4999544,-1.5356797,0.28077412,9.94024
0.86472636,0.34028524,-1.2782371,3.414294
-0.7310016,0.19700298,0.40733734,2.3572474
-0.57763416,-0.5143758,-0.20272338,3.2929938
-1.4244316,0.9524797,0.7631171,-0.82978827
-1.0755827,-0.9835554,0.514203,4.371153
0.5631725,1.1398824,2.0592866,7.2612095
-1.3756281,-0.50237507,1.4666306,4.204937
0.3492155,0.1805334,-0.13764738,4.5404673
-2.1808946,-0.30079323,0.1360117,-1.3489625
0.37296626,1.2481934,-0.20510866,1.9000337
-1.9693018,1.3872342,0.76205033,-3.5158753
0.55051696,-1.593442,0.39422444,10.462868
1.7999035,-0.79905987,0.10881379,11.744254
0.119962424,1.1016157,0.18790238,2.300131
0.11633218,0.52029574,-0.11130835,3.0774107
-1.8495705,0.5322612,-0.8219347,-4.2740617
0.56154805,0.75654036,-0.4163215,3.2470412
0.537082,-1.0836774,0.03422889,8.489185
0.16396436,-0.6208316,0.7986188,7.77975
-0.67917293,-1.1916003,-2.0282605,0.9579897
-1.5049354,0.08087827,-1.9243108,-4.3500357
-0.82849675,-0.07467484,-0.5580992,0.77180845
-0.49317682,0.6934652,0.042803247,1.1498158
1.4241371,-0.62135607,0.20304726,10.390937
0.5162329,0.590181,-0.59294313,3.1500175
-0.37793702,0.29596812,1.4844532,5.336924
-1.9816713,0.30239162,-0.18829311,-2.842871
-0.30244452,2.0872173,1.8078177,1.8825941
0.4254685,-0.28320506,-0.17845076,5.8055196
-1.325737,0.01539221,-0.55817574,-0.957124
1.3767197,-0.19297433,0.5790087,9.946945
-0.3923497,-0.48498753,0.031121494,4.24016
-1.046644,-0.66658384,-0.6830987,1.2882937
-0.32465848,0.60409385,-0.47885716,0.82976514
0.556756,-0.35408032,-0.04227997,6.6285763
0.13570951,-1.1246462,-1.2208965,4.8661294
0.3030396,-0.5661063,0.78021866,8.008404
0.68880683,-0.119929194,-0.5799364,5.376721
0.34650543,0.5678212,0.8347938,5.5447054
1.564946,-0.2901042,0.19966795,9.989184
1.1406889,0.81418866,0.19684283,6.074606
-1.4691513,-0.7139299,-0.33640704,0.83056366
-0.39228976,0.16981043,0.14362413,2.8900833
0.2147448,1.4189079,-0.7186606,-0.010144
-1.4589851,1.009944,0.4074462,-1.7905178
0.13899595,0.38029078,-0.99291956,1.7338818
1.6859841,1.2998707,-0.43114346,5.269222
1.1205969,-0.5461336,0.6948446,10.266712
-0.5398256,0.7771634,-0.86624813,-1.0167849
-0.49633354,-0.58642,0.50183094,5.131258
1.6770086,-0.7359678,0.3837908,11.761871
-1.0637015,1.0844232,2.2960675,3.0024397
-1.0369438,-1.0764495,0.98953474,5.64494
-0.14955594,-1.6839614,-0.78683215,6.233703
1.0219052,1.2485747,0.26059982,4.790949
-1.4094334,-0.011758832,-0.69741666,-1.3949158
-0.76773846,-0.73573714,1.3837825,6.441007
0.36046746,0.1570093,-0.5562954,3.7975812
-0.8458304,1.1022861,0.6020393,0.20710564
-0.6485957,-1.3924792,-2.6783326,0.23923978
0.32824382,-1.0909777,-0.9880922,5.8330894
1.1634978,0.16300324,-0.028267486,7.246695
-0.8010744,-0.24728732,-1.1410463,0.124822445
-0.2711946,1.5238668,-0.79132324,-1.8511951
0.09280685,0.8219431,-0.36798388,1.7616382
-1.0791901,0.19339576,0.39313343,1.285965
0.25780597,1.6669679,0.2849752,1.5403883
-0.5654557,1.6912668,0.5230251,-0.49855754
-1.2890111,2.6232572,-0.11115914,-6.168661
-1.4332126,0.18156381,0.5117613,0.47779074
0.015008706,-1.5448635,-0.5169491,6.911576
-0.9692692,1.3131754,0.09248031,-1.6858255
1.937455,0.13704827,-0.09075685,9.494097
-0.30064952,-0.6748104,1.9649854,8.861683
-1.0175548,-1.5130899,-2.2107642,0.35863078
-1.5236254,-0.34123024,1.2743533,3.0079234
-0.10204483,-0.5475699,-0.7614587,3.6959517
-0.734426,0.2760096,1.5855743,4.5187135
0.35749835,1.0499264,0.63837105,4.022137
0.081003964,0.73848516,0.8197821,4.2955503
0.7759114,0.14462574,0.48338708,7.1480584
0.43839714,-0.47809252,0.525106,7.7046885
0.28314292,-0.3177319,-0.5084679,4.7953944
1.7212925,0.5766531,-1.0090414,5.9660964
1.0121326,1.6357391,0.40876126,4.130785
0.92687666,0.4176698,0.33123016,6.63251
0.036467575,-2.9812293,0.12233829,11.699021
-0.99749273,-0.97088444,0.770351,5.081316
-0.10486103,0.898942,-0.36533427,0.98174405
-2.2816486,0.11652038,-0.5388448,-4.018289
2.159556,-0.31783777,-0.44172576,10.5371
0.34834838,0.19708025,-1.0884744,2.5917947
0.9180439,-0.22999705,-1.2223784,5.081045
-1.7755592,-1.7409805,-0.8500286,1.3601828
0.4621945,0.48414516,-1.0203489,2.3933184
-3.0205922,0.6232259,-1.2540616,-8.869955
1.1001649,-0.68573415,-1.0812991,6.9802375
-1.4783589,-1.3176062,0.8685631,4.675476
-0.54855764,-0.16395552,1.2485455,5.4396677
2.3719249,1.5085467,-0.34907314,7.000709
0.16412939,-0.4667018,0.54986864,6.902376
1.0341747,-0.31024387,-1.7467816,4.559759
0.77318394,0.8210813,-0.10496726,4.329754
-0.74341774,0.74230385,0.4636654,1.1112036
-1.840218,1.4298824,-0.18106142,-5.105615
1.4422138,-1.2161031,0.24713747,11.94763
-0.3804435,0.3155909,-0.062942944,2.1734889
-0.19989318,0.8030103,0.19597372,2.0718691
1.8082869,0.9725052,0.27863967,7.832628
1.4656876,0.53712237,-1.430851,4.437473
-1.5222763,0.9007169,-0.017989574,-2.574237
0.9886766,-0.007397129,1.947252,11.069771
-0.39425504,1.0793977,-1.202773,-1.9688839
-0.1843676,-0.16770788,-0.00144801,4.0564756
-0.41290492,1.6788992,0.7314757,0.4084528
1.2482351,0.8189648,0.9482463,7.866569
-0.53839386,-0.21108395,-1.1812948,0.72217476
-1.6977253,0.4678484,1.4990988,0.98389775
0.87155384,-1.1324983,-0.7954335,7.939002
0.075644314,1.6343166,0.019956594,0.5344368
0.489867,1.0510368,-1.2370744,0.65927947
1.6382949,-0.35426992,-0.083273135,9.795324
-0.2680794,0.6315192,-1.1640784,-0.43456903
1.6191869,-0.7066944,-0.31228104,10.130246
0.35396373,1.2623464,0.64388186,3.5070827
-1.2363774,-0.4399198,0.52980447,2.6047058
1.8282974,-0.45310426,-1.6498291,7.4750705
0.35932222,1.2419288,-2.752259,-3.2084055
1.9922655,1.040883,0.0804491,7.8373537
1.1670725,0.04025085,-1.455897,4.6920977
1.8131174,-1.2246991,-2.0393867,8.503481
-0.24736819,-1.1293529,-0.852225,4.465012
-2.156586,0.92839956,0.14108367,-4.2217402
-1.6707417,-0.26302195,-1.6719278,-3.5165913
-1.0345194,-0.13214086,0.1669117,1.7435894
-0.6347166,-0.803571,-0.2162127,3.802213
-0.8096034,2.5407832,-0.7517341,-5.825449
1.1483735,1.1377131,1.5527035,8.024513
-0.02888474,-0.2528461,0.5707483,5.8659625
-0.4948972,0.9421192,0.7147578,1.8898743
1.432645,0.12290612,0.7672029,9.751694
-1.8077246,0.041740157,-0.27801672,-1.8707075
0.43555537,0.8706524,-0.60460234,2.1887486
0.8842911,1.181777,0.40068173,4.8329406
1.1397629,-2.3747818,1.2406512,15.79783
0.29924643,-0.31776533,-0.4995088,4.850639
0.67430055,0.62050176,0.2703319,5.271351
-0.30557334,0.8021302,0.721097,2.8143008
0.92120534,0.1807438,1.4829553,9.491739
-0.5658011,-2.0629785,-0.12161064,7.2232647
-0.37304446,0.28427097,0.5929383,3.5818107
0.57805693,0.7507808,-2.4869542,-0.8463303
0.35877,1.9212004,-1.439997,-2.2018251
-0.9998136,-1.116089,0.8102269,5.4987674
-0.5809029,-0.8941973,-2.1268506,0.35926083
-1.0405835,-0.41332257,-0.4837319,1.0963777
0.092893675,-0.5018172,1.1286018,7.9319577
-0.40532055,0.4206444,1.0985692,4.168398
1.5168679,-0.908213,1.1223978,13.178119
-0.1383891,2.1903322,-0.5734932,-2.6078532
1.8090085,0.6851111,-1.7096452,4.583009
0.65139407,-0.72806716,0.24925755,8.393991
1.4718238,0.20329037,0.024376165,8.1886015
0.52030885,1.4634892,0.05032772,2.3418756
-0.29059416,1.2265738,0.49297202,1.3688672
0.47323453,0.3942164,-0.34433982,3.9848866
-1.1966622,-1.5145513,-0.9750801,2.2961252
-1.0791361,0.30507377,-0.2940318,-0.36272344
-0.67691773,2.143825,-0.98470384,-4.946743
-0.57657367,-0.002246981,1.7758795,6.0223126
1.3656739,1.0923032,-2.0611627,1.547352
0.64212275,-0.642161,0.48834303,8.62864
1.0677217,-1.7260876,1.152734,13.8469715
-0.027532728,-0.8752842,0.5339911,7.2964287
-0.015686905,-0.16077231,-1.8878536,0.766675
1.7196541,-0.46399593,1.2547203,12.979496
-0.00061006,-1.029202,-0.6035529,5.458238
-0.9552166,-1.4528093,-0.43068394,3.9622262
-0.49977553,0.93266326,-0.9728292,-1.4715314
0.4255954,-0.6981792,1.6244137,10.406676
0.33225465,-1.6187593,-1.1222694,6.8445525
0.53187233,-0.43511242,-0.085330606,6.6556787
0.37484005,-1.070788,0.16457197,8.217308
0.11698926,-1.1883262,-0.9059824,5.591625
0.5084326,1.3134829,-1.3250277,-0.0891807
-1.3877724,0.37617755,-0.2839473,-1.4381095
0.5919066,0.031379122,0.00809032,5.9347672
-0.3571587,0.12912007,0.010893079,2.8441103
-0.2564989,0.28516448,0.7947175,4.326022
0.49428722,1.5258689,-0.3949188,1.2376397
0.8320978,-0.22611305,-1.5444283,4.144536
0.40559745,-0.28360435,0.1591335,6.4138403
1.362346,-0.17645484,1.0896245,10.883362
-1.1231972,-0.50430954,-0.8756434,0.28915295
1.2863684,2.5718343,-0.4269291,1.0279355
0.91244227,-0.84384304,-0.6226012,7.734452
0.41035444,1.8743613,0.82586694,2.5838497
-0.2753685,-2.2417972,0.7873326,10.331637
-0.94222045,1.8869271,-0.14497878,-3.43964
-0.52984935,1.0189594,-0.1418934,-0.1289491
0.9721376,0.45246768,1.1733497,8.37945
-0.26529303,-2.5571039,-0.43227243,8.680801
-2.146312,-1.2965896,-0.34550637,0.17626944
0.66095424,-2.1336095,0.021529911,11.357059
1.1586082,0.086321965,-0.5456439,6.363824
-0.39691463,-0.4523344,-0.2583431,3.5832646
-0.0352176,-1.121415,0.35097244,7.4780354
-0.4028422,-0.38780263,1.655083,7.23674
-1.6837573,-0.9205602,0.65351015,2.6874418
-1.2268877,-0.28710598,0.0060537,1.2367471
-0.43372795,-0.9612377,-1.0172232,3.16722
0.877689,0.005495615,0.86141914,8.540977
-0.30278835,0.24149454,-1.4127156,-0.11958821
0.53823155,0.44269696,1.5173757,7.7791
0.90487623,-1.2208136,-1.9976732,5.844585
0.13025379,1.342144,0.13883245,1.6375808
0.9136732,0.19015747,0.020808004,6.515918
-0.3929854,0.4870454,0.71133566,3.2842906
-0.0631744,-0.3126232,-0.81421936,3.1333919
-1.0016421,0.4704848,1.0223264,2.1234314
0.9139742,0.02818932,0.13399835,7.1370792
1.1177849,-0.42398527,-2.2528477,4.059559
-0.17935392,0.11611406,-0.4831335,2.4255607
0.51270854,0.9208673,0.82531756,5.1838827
1.4464892,-1.1287401,0.68050027,12.617145
-2.0307746,-0.037586596,-0.2647608,-2.33055
0.2964768,0.5001276,0.027250743,3.944454
-0.32040328,-0.35660592,0.29145128,4.6898947
1.6573154,0.71745896,-1.3251818,4.7957444
-0.09168131,-0.1866564,-1.3946066,1.5896478
0.4409914,-0.8094052,0.20428927,7.8738575
1.4175872,-0.5577791,0.5676216,10.925837
-1.3931893,0.52600145,-1.4212536,-4.082626
0.55570805,0.42332315,-0.16228424,4.5287037
1.1779608,0.22594629,1.0112194,9.202947
-1.2348015,-0.26725453,0.58542323,2.3023176
0.72742844,-0.7646509,0.25135797,8.714484
0.6286585,0.38961527,-0.9595503,3.220238
-0.5886913,0.1779466,1.0612212,4.1088295
0.4956554,-0.7211057,-1.2119597,5.0066705
-0.54118085,1.0552809,0.35724747,0.76243454
-1.803879,1.2875524,-0.97583836,-6.247204
-0.17206909,0.10364515,0.8691494,5.1551943
-0.0750275,2.2547278,0.1961116,-1.0453401
-0.8756437,0.58318204,0.9731108,2.1170027
0.49697858,-0.4146644,-1.1716032,4.362916
-0.33147725,1.2535661,0.09894041,0.39265823
0.2238305,1.1752094,-0.8995098,0.25830844
1.4694394,-1.1096767,1.5156915,14.300588
0.34612525,0.3556652,0.47393665,5.3235693
-0.6856389,-0.09056417,-1.295681,-0.23004821
1.9437132,0.71964467,-0.73154765,6.8430386
-0.051808752,-0.8643179,-0.5138036,5.095071
-1.9513245,0.8844306,0.43197381,-2.8945796
0.17746954,-0.7566834,0.1469458,6.832336
-2.1426425,-0.28324667,-1.2219942,-3.9985545
-0.5435659,0.81870764,0.8873433,2.3803825
1.6971844,0.18146741,0.44847167,9.74597
1.1652058,0.5156804,0.27843842,7.0171876
0.2439559,0.71557975,0.5814114,4.3636236
-0.30894622,-1.7234888,1.4050065,10.231615
-1.2180287,-0.06819455,-1.3713909,-2.034378
0.7758842,0.6982944,-0.5720666,3.7060597
0.63139313,-0.32254568,0.49975052,7.8962965
1.4995098,-0.55017626,0.4753692,10.977613
0.15045132,-0.29302114,2.8364968,11.0308275
0.47010034,1.6056993,-2.135871,-2.513083
-0.14658171,0.9855814,0.5441908,2.4813936
1.4416624,1.0235577,-1.3957789,3.2894118
0.039447702,1.4942347,0.1719178,1.0612521
0.5335742,-1.0266474,1.0551314,10.363301
0.1384521,0.05331745,-0.61059123,3.2799368
1.7752751,0.8969054,0.17942023,7.732037
0.9295621,0.12143632,0.9258597,8.54815
-0.2826445,-1.5966694,-1.385985,4.408475
2.6187587,0.88319886,-1.0555823,7.8220057
-1.6616234,0.38342687,-0.011523972,-1.7300436
2.8717313,0.09186878,1.8668951,16.316647
0.5032851,-0.62668955,-0.27867708,6.655739
-0.58881664,0.7385599,0.23501523,1.1509179
-1.2737037,0.62278044,-0.37244222,-1.8587846
0.15723047,-0.32892922,-0.31379586,4.84412
-1.5039355,-0.46303806,0.115701385,1.025904
-0.012972896,0.9773804,-0.58290005,0.6542986
-0.091093406,0.6084852,1.0107262,4.4949436
-0.10514164,-0.7724556,0.6235578,6.992737
-1.4210795,0.23719738,1.063318,1.5015966
-1.1822878,-0.31859544,-0.071672,1.305281
-0.06793396,-0.38983443,-0.027912434,4.8669615
1.6687053,0.22684547,-0.27576226,8.115928
0.070844315,-0.47838148,0.17169349,5.8946567
0.24457224,0.71749055,-0.11246758,2.983417
0.03484002,0.27826074,-0.6141298,2.4239166
0.55620277,1.188314,0.45314628,3.9361289
0.9288933,-0.6170606,1.0172101,10.495261
0.45484275,1.210225,2.6091766,7.8920445
0.36994964,1.3102336,0.56681985,3.2944615
-1.9868687,0.10456215,-0.78875047,-3.5847976
1.3651956,0.52246433,-0.8978111,5.2427216
0.34663486,-1.6704227,-1.7348784,5.7650156
-0.18579118,-0.802421,0.31178015,6.1885056
2.3214486,0.31977057,-1.0389365,8.314443
-1.2511028,0.59455943,-0.008611706,-1.0184662
0.880607,0.64367807,-0.5196838,4.2624464
-1.099868,0.7903487,1.8301224,2.6607969
-1.2341664,0.044536013,0.5532973,1.4877716
-0.5287414,-0.8297562,-0.5478291,3.507949
0.1319851,-0.3372505,1.2130325,7.825668
0.2193434,1.5734082,1.9170675,4.9118447
-0.24863836,-0.41970447,1.860929,8.162995
0.40066,0.56899524,-1.1125779,1.8095733
0.3837309,1.7159592,-0.06551129,1.0988549
0.40487903,-1.0844346,-1.7162718,4.6090074
-1.1401379,2.3211598,-0.38555816,-5.542519
0.07641071,-1.0900854,-0.200204,6.6454806
0.07315023,-2.1609092,1.4809384,12.572247
-1.3575567,-0.4991007,1.8285611,4.9615645
1.0474467,0.9841988,-0.72235364,3.5265424
0.94950694,-0.7592713,0.66512614,10.19757
1.6030986,0.1336056,0.14924091,8.978773
0.054852292,-1.1675059,-1.7911072,3.5827234
0.9690986,-0.20176059,2.7026064,13.001193
-0.39466563,-1.2906775,-0.19899675,5.710417
-0.44118172,0.38242254,1.4531894,4.8629236
-0.8308679,-0.19291386,-1.5899205,-1.0114831
-1.1900198,-1.0263473,-0.7942677,1.5179691
2.4726443,-0.03282588,-0.22533625,11.252518
0.24387337,0.89468443,-2.472152,-2.1656075
0.7617927,-0.8934263,-1.3200549,5.9853563
-0.19603683,1.598178,0.7824934,1.3475416
-1.9563098,-1.1506157,-0.2642861,0.5665703
1.6773324,-0.10135249,0.94373876,11.379566
0.6279137,1.6797144,1.2479451,4.557439
2.2264075,-1.8101534,-0.29793996,14.608051
0.40752718,1.4121977,-0.16561307,1.6904807
-0.04403482,0.65905964,0.83185124,4.1568193
-1.3735404,0.2728988,0.60515755,0.6297895
1.0309502,0.6704559,0.023737622,5.742975
0.029562501,-0.002934573,1.0384928,6.377138
0.17262064,-0.35671866,-0.7242483,4.140752
-0.70193267,0.32306957,-0.012784687,1.2889899
0.11190668,-0.000421722,0.946862,6.428052
0.72176063,-0.6738896,0.08315955,8.147795
0.5046463,-0.1972577,0.38614026,6.971078
-0.57705814,-0.78987515,-0.7793765,2.8149781
0.1410734,0.58375865,0.46905237,4.1601768
0.4938286,-0.17460288,0.56564736,7.2334247
-0.5891458,-0.2362624,-0.67508197,1.6603844
-2.475989,0.5041449,-0.43163833,-5.300727
2.0580347,-0.94649756,-1.0323366,10.579822
-1.7069585,-1.3690081,0.23871112,2.838173
-0.33841085,0.05698766,0.56826305,4.196465
-0.5495752,-0.88086534,-0.13710986,4.381104
0.0494355,-0.38920942,0.510847,6.302265
-0.62192374,0.82650954,-1.885052,-3.435528
-1.2991701,0.4076883,1.2047431,1.7364124
0.9605577,-0.7738042,0.3071229,9.54411
-1.1625459,2.1287928,0.23961812,-3.9083786
-0.012720507,0.2868898,1.1518714,5.8125453
1.3142374,-0.8642196,1.3763568,12.963441
0.5920861,-0.81752086,1.360774,10.651376
0.8967802,0.5664436,-0.7076618,4.102265
-0.37580538,0.100749336,0.7383786,4.315108
1.5897403,0.092615224,-0.7952101,7.1581583
-0.042505126,-0.80678314,-0.6239325,4.780722
1.5509758,-0.8730881,-1.1709752,8.600059
1.4697511,0.6361485,0.43491605,7.9578905
0.60181457,0.20013347,-1.213342,3.122592
0.94622976,0.092143066,-1.1249263,4.567448
1.6482383,0.33329877,0.6874196,9.700059
-0.06941928,-0.33850586,-0.62741315,3.5628686
1.6125573,0.6692307,0.09741702,7.635284
-0.7254137,-1.4888452,0.013520248,5.6170015
0.21005322,-0.24854976,0.56985974,6.569792
-0.09459328,1.3524851,0.09470594,0.86278176
-1.0548042,2.1100893,0.083674826,-3.8568702
1.4822781,-0.48078614,-1.8464308,6.096946
1.4450474,-0.5377489,-1.083224,7.6626267
0.001419277,-0.29776424,-0.8637845,3.1988423
0.23827498,0.45446184,0.39743236,4.622548
-0.29547876,-0.109370306,1.6080735,6.7805495
0.12863044,1.4699196,-0.06240674,0.9497559
-0.7735278,0.14584649,1.3150152,4.167034
1.4366683,0.265824,-1.5613382,4.7589335
-1.0602456,-1.1466863,-1.4516128,0.8559671
-1.0862396,-0.25301623,-1.2471077,-0.9516632
1.2957952,0.6935189,0.20951538,6.8319845
-1.1586078,0.06910522,-0.44573802,-0.34195948
1.5364548,-0.34736955,-0.9692046,7.7160525
-0.23360091,-0.4817788,0.58376944,5.8291454
0.03392103,-0.61341614,0.74491954,7.277847
0.004164318,1.0195684,0.50251925,2.765254
-0.29460016,1.8198733,-0.0486995,-1.1571882
-2.2250204,-0.5213651,-0.18645637,-1.5900095
-0.46191642,-2.5820704,-1.8785735,5.2545023
-1.689293,0.1337213,1.5457852,1.9042913
0.59409446,1.0036256,-0.92408824,1.7227715
0.34772503,-0.19990468,-1.023662,3.6834555
1.2622378,-1.0845978,0.41487426,11.409113
-1.4345329,-0.25796887,0.48125494,1.4791224
-0.06706018,0.37937093,-1.0624703,0.9414186
1.5160533,-3.086886,-0.30495283,15.562259
0.5046258,1.6687697,-1.5812291,-1.4401457
0.02878612,0.31492108,-0.0824377,3.362778
1.0364573,-0.13844484,-0.21436734,7.215683
1.2903466,-1.2831491,0.32599357,11.799268
-0.9936839,0.47847793,1.2585104,2.5780947
-0.45679578,0.80718434,2.0168898,4.9323874
0.9025189,0.6720861,-0.9849319,3.3064373
-0.8090299,0.3051553,0.110811874,1.255787
0.9158363,2.235839,1.320525,4.2220974
1.3073044,0.99173874,-0.8778793,3.9945786
0.5868012,1.4253423,-0.00745284,2.534847
-0.36109975,-0.914368,0.3362185,5.9752884
1.0746095,0.3995772,1.1191458,8.721525
-1.3276517,-1.1822664,0.48272333,4.028057
1.0007833,-0.40814084,-0.07041044,8.041334
-0.54227424,0.7506317,0.35546237,1.4931629
0.49775064,0.15161315,1.6263877,8.584278
1.6902081,0.034980215,1.0294889,11.231115
-0.33763263,-1.6189747,0.34404334,7.766236
1.5601549,0.51374376,0.37366483,8.411109
0.08503272,0.923358,1.8508776,5.92927
-0.72323275,0.6275325,0.5362734,1.5942847
-0.21575758,0.49610248,-0.37344545,1.5968027
0.06708122,-1.1847948,-0.10096544,7.042516
0.43167272,0.7006029,-1.1082928,1.6154433
-0.90532696,-0.6253921,2.2935846,7.5727663
1.7680644,1.9853852,1.9701068,8.67624
0.7134807,0.66579425,0.6019574,5.969366
-0.38277617,0.2083614,1.1027654,4.743476
-0.67428875,1.4603511,-1.7389354,-4.7965617
0.31033826,-2.3269923,-1.8353385,7.041393
-0.3127378,1.155329,1.2813338,3.0454414
1.7827336,-1.2500365,-0.5562663,11.436815
-0.20341748,-0.2529928,-0.13184679,3.9288726
1.0184782,-0.62666696,0.5437142,9.855479
-1.1667495,-1.2695917,-0.88788426,1.974132
0.3576029,-0.11670404,-1.7376529,2.0863678
-0.63357246,-0.23550501,0.6796295,4.2518644
-1.5106983,0.4318361,-1.0221419,-3.399371
-0.023676014,1.7431507,0.45204347,0.86211205
0.36801928,0.37864,0.56538665,5.5156503
1.5043098,1.203878,0.71878964,7.274405
-0.5621121,0.62060153,1.2183568,3.4479647
-0.24526519,-0.9181207,-0.5460097,4.5760717
-0.16899732,-0.39488262,-0.8777186,2.8855174
-1.4054375,-1.0071105,-0.8068053,0.79198873
0.3391059,0.94353634,-0.075074516,2.825341
-0.11589515,0.99504566,0.427547,2.326123
-0.16170418,0.7574835,1.2016897,4.2991576
-0.52228665,-1.0277164,0.56249434,6.231369
0.48568216,0.4612788,1.1819054,6.895069
1.5114619,-0.7050245,1.0306115,12.492737
-0.92774415,-0.75358325,-0.90895975,1.4114816
-0.6111414,0.9132184,0.43628138,1.0547864
-1.6429467,-0.9208663,-0.13062866,1.2361472
1.01562,-0.5179685,-0.5327593,7.4228888
1.2857059,1.5475475,-1.4861389,1.3796885
0.3625524,-0.81670827,1.4758226,10.191085
-1.1949533,-1.0783072,-2.898323,-2.5909457
0.27453005,-0.85540426,-1.1171474,4.858843
-1.4363081,0.9715018,0.788344,-0.85669166
0.742234,-0.4989474,0.8777264,9.3769
-0.56569517,-0.54470885,1.2112323,6.250921
-0.9942586,-1.2179506,0.45561674,5.055095
1.1106976,-0.26151374,-0.07542869,8.013956
-1.1104431,0.37545255,0.46056518,0.8935105
0.20203681,-0.4393561,0.3593201,6.5901303
0.6047115,0.36215413,-1.1382475,2.8749099
0.44298208,0.37517312,0.64355034,5.9095273
-0.8399981,1.6909343,-0.60055846,-3.5719864
0.676997,0.22745623,1.3576863,8.40014
1.6038177,-0.56882226,-0.26105303,9.852792
-0.52232087,0.3207073,-0.73318744,0.40521604
-2.1363385,0.5361511,-0.56306124,-4.6281557
0.86460245,0.8968592,-0.5284575,3.605811
-1.2100453,1.3414718,0.933929,-0.79320455
-2.0599918,0.29773492,2.5919557,2.507314
-0.09784593,-0.5735148,0.8579025,7.002461
-0.85458386,0.8371818,-1.8341868,-4.0241814
-0.33508334,-0.7975102,-0.06868842,4.971752
0.84594804,0.028746223,-0.2648453,6.141014
-0.5948981,0.31229728,-0.18932547,1.3020523
-0.75518554,0.53950137,-2.0592082,-3.4922297
-1.0518538,-1.3029057,-0.39328906,3.3753355
-2.2560756,0.5955985,0.34747607,-3.2929342
-0.50365597,-0.3345311,0.0801192,3.6548395
-0.6978346,-0.22075544,1.4373952,5.5016065
-0.43668237,1.4570737,1.8479707,3.0820196
-0.32094067,-0.089395665,-0.6365519,2.1684332
0.1965264,0.92410684,0.23906697,3.058359
-0.65547436,0.46899438,0.8573002,2.8227909
0.38594505,1.3352419,-0.7031491,0.75448596
-1.5783578,0.7797542,-0.3533716,-3.1060042
-0.81383085,-0.42250827,-0.8527417,1.0666647
1.0156598,-1.098124,-0.4746198,8.924098
-0.52578497,-0.9807544,-0.4816385,4.0049915
0.047687657,-0.43512696,0.68482405,6.7589564
1.1754564,-0.6082785,-0.7606634,7.6505527
0.103733785,-0.44690958,0.18078552,5.9437914
0.6220792,-0.016527476,2.3281143,10.764927
-1.1860174,-0.21484283,-0.3478971,0.4637203
0.436634,-1.5498437,0.64320374,10.514393
-0.29720485,-0.049387727,0.001388291,3.4411738
1.7934022,0.12406139,-0.29631424,8.697553
0.7762796,-0.21922186,2.5232189,12.107521
0.4337261,1.1678321,-1.1495516,0.39684644
-2.9056513,1.2041659,0.6118867,-6.183822
0.38791105,0.9467096,-0.020943366,3.0522847
-0.74304724,-0.35894197,-0.73171645,1.3785715
-1.7405673,-1.3504727,0.36277124,2.9399097
0.44523346,-0.6647828,-0.44394433,6.2265897
1.1030148,0.16010521,-0.6108927,5.911789
-0.8461797,0.58247185,0.8577902,1.9809912
0.6532413,-1.296217,0.5699394,10.4180355
-0.72258997,-0.025262112,-0.47719532,1.1407377
0.7887475,0.020198695,-0.19112279,6.146635
-1.5473751,0.24433811,0.50259036,-0.033113785
0.36613452,-0.06685373,-0.008206231,5.436776
0.717485,-0.065781444,-1.337232,3.8383558
-0.030496864,-0.23454483,1.5376034,7.74571
-0.74601704,0.2470168,0.9817241,3.3455129
1.021005,-0.92682165,0.34902772,10.193929
-1.3197536,-0.2932788,0.5282344,2.0159843
0.66931695,0.3293086,0.45663688,6.3350897
0.54622966,0.7472956,-0.42280167,3.2062216
-1.950392,-1.1615433,-0.7850612,-0.4330721
-0.80643815,-0.66453373,0.18822984,3.7504108
1.6821901,-0.37893438,0.003711516,10.179057
1.3322924,-0.5799332,-0.50777084,8.581507
-0.7461696,-0.3013732,-1.3006817,0.06874982
-2.321855,0.9033427,-0.053554017,-5.040316
-0.6563598,1.0886666,0.4173734,0.44846728
0.6152996,-0.143133,0.17221445,6.7431216
-0.926944,-0.8607223,-0.26364863,2.946877
1.4531511,-1.9164162,1.2794887,15.707009
-0.59341484,-0.5316512,0.55194867,4.816021
0.118892305,-1.3932147,0.5497022,9.0153265
-2.652764,0.17252569,0.034848206,-4.1020427
0.65236837,0.62335813,0.9768397,6.6025457
0.19875981,-0.29606587,-1.008797,3.505207
-0.9072191,1.0193303,-0.08049871,-1.1465707
-0.36120877,-0.56586355,-0.8538038,2.7829309
-0.94205546,-0.058739726,-0.5291841,0.45632663
-0.8621045,0.7871828,-0.003022054,-0.263765
-0.1327185,-0.14349447,-1.2315301,1.682143
0.24138783,0.4992977,1.1313369,5.988708
0.25794145,-1.6225649,-1.9906144,4.9037995
-0.6917886,0.3741719,-0.031077813,1.1572042
0.20563704,-0.949518,0.008286867,7.1164074
0.79396516,-0.51133645,0.4280083,8.6526375
-1.1421041,1.7004554,1.4795806,-0.33822885
0.62957966,0.42340487,-0.444098,4.1856036
-0.6819578,-0.4248056,0.7031679,4.5683427
1.9016958,-0.8920469,0.51993,13.084889
0.31621972,-0.891277,-1.0891199,5.1257577
-0.30376768,0.33225605,0.19280976,2.8480005
0.4187134,-0.66640633,-0.26584217,6.522836
-0.9677912,-0.05048862,-0.7605893,-0.11073231
0.17155534,-0.16284862,-1.4900035,2.1206248
0.18572564,1.5413827,2.5230358,6.1029534
1.1313972,-0.55075216,0.95984244,10.833533
1.5098189,0.5822129,-0.9097712,5.50649
-1.8108566,0.8458475,-0.6935958,-4.632646
0.58626205,-0.95457006,0.60661167,9.454717
-0.8409634,-0.9458365,1.6015185,7.1706886
-1.0109832,1.6184875,-0.16777048,-3.0600176
0.01897209,-1.9417827,-0.88958377,7.1399555
1.2055597,0.18207753,0.53025436,8.4535
0.49419606,0.13579795,0.31019294,5.9746275
0.20177063,-0.5704346,-1.4545158,3.247983
-0.9464526,1.4357885,0.12708443,-1.8289227
-1.0923538,-0.6603092,0.800918,4.1107564
-1.4008538,0.5554607,1.223247,1.1146966
-1.9276005,0.6068924,-0.07858631,-3.2010849
-0.20650133,1.1491855,-0.07623449,0.6670115
0.004350841,1.1026278,0.000539727,1.5492488
0.045028467,0.99860525,-0.31450662,1.3218489
0.724573,1.3688762,-1.3770463,0.3262158
-0.573856,1.1286074,0.222658,0.2203923
-1.4956211,0.81058306,-1.5485398,-5.3180923
-0.38058674,0.7334162,1.4226984,4.131643
2.3082428,-1.6353041,-0.18592177,14.674789
2.1921856,0.30562535,-0.46992508,9.099727
-1.2669178,1.6180854,-0.6960597,-4.874609
0.07658003,1.2080479,-0.07402249,1.3963068
-0.288298,-0.405599,-0.32012543,3.678471
-1.7683091,-1.125838,-1.9367163,-2.2726939
0.7816232,1.1213108,-0.4721042,2.9158466
0.6525088,-0.09525888,0.8037281,7.9816184
-0.33525667,-0.28813663,0.23147269,4.3401756
-0.14990862,0.6887885,1.0698196,4.248771
0.018204233,-0.37599015,1.557445,8.2634
0.14794615,0.06084813,-0.443842,3.6085205
-1.0909219,0.08024693,0.50206393,1.7487123
0.4269236,-0.84626675,0.14233758,7.7872014
0.75073713,-1.5746957,-0.2265424,9.779845
1.0051562,-0.61251134,0.99051607,10.688092
-0.13674624,1.0177727,-0.30655414,0.73466474
0.8476245,1.4679656,0.03692296,3.3085244
0.8921277,0.07484529,-1.8025547,3.0866642
1.6849134,1.0781244,0.6090104,7.9076447
-0.8638337,-0.27368888,-0.28986958,1.6828238
0.5345804,-1.0378577,-0.12499233,8.042903
-0.29677963,-0.8785666,2.1445696,9.71912
-0.04637122,0.4029952,0.2892795,3.6611936
-0.098454595,-0.03912718,-0.31952128,3.345525
2.1595724,-0.4538474,2.0475392,15.864135
0.41232163,-0.06538998,0.004776214,5.586288
-0.4931644,2.0440168,0.47572845,-1.2176129
-0.16309734,0.12977324,-1.6315116,0.1169797
-0.28706816,0.71442115,-0.6818309,0.2630059
0.8129323,-0.05558167,0.448568,7.664279
1.1487377,-0.49472994,-0.9959829,6.8563223
0.4533381,0.14343303,-1.3951578,2.4299576
-1.569703,-0.9033653,0.6482845,2.9454312
-0.037132196,-0.24532218,-0.32944342,4.0152826
-0.280098,-0.43058217,-0.4720729,3.4523447
0.09928881,0.32825157,1.4897048,6.6966424
-0.0477039,0.8124115,0.29186586,2.675194
-0.38008657,-0.17451683,1.4121541,6.305779
-0.8865656,1.1203111,0.9165898,0.6586858
1.2597609,0.50973225,-1.8736833,3.0297425
-0.89188206,0.8297308,0.8171915,1.1751642
-0.13687229,0.513552,-0.006168755,2.5405753
2.29983,-1.1293235,2.3667178,18.535378
-0.052130334,-0.25861385,-2.0870829,0.48013127
1.4652892,0.03598157,1.2963549,11.098643
-0.42115435,0.16964857,1.0080764,4.5419335
-0.5003438,-1.2928208,-1.0685364,3.6595366
-1.0928305,-0.47822174,-0.22950006,1.6104957
-0.6610373,-1.5383689,-1.2593284,3.4065328
1.2107681,-1.8847318,2.0195994,16.392212
-0.17273785,-0.44340256,-0.15305147,4.4302864
-2.1473007,0.009412486,-0.5773092,-3.4064105
1.1726701,-0.7744028,0.13138062,9.838553
2.4093058,-0.8818447,1.6467764,16.835049
-0.15841675,1.7676336,0.13236785,-0.23030946
0.8586024,1.6388239,0.07902577,2.9980214
-0.85859543,0.30784512,-0.0866788,0.7176239
-0.0057418,0.9853102,-0.25884083,1.2940006
-2.28836,-0.67414147,0.6003381,0.1634253
-0.77536875,0.14101428,-1.8055826,-2.07352
-1.4465785,-0.8701244,0.8762326,3.70548
-2.1151989,-0.16554134,-0.44881853,-2.6526403
0.25237048,-2.3847644,0.65643686,11.988923
-0.6499927,2.0974417,1.1174957,-0.56450045
1.3372188,-0.2105222,3.0717125,14.850357
-0.46708655,-0.83171624,0.11606308,5.021925
2.0232766,0.13741402,0.8485367,11.642708
1.5098563,0.113490716,0.49230358,9.4410305
-1.0470015,-1.3604735,1.377688,7.078631
0.99450356,0.41551712,-1.4115479,3.3689017
-0.651042,0.94308597,-0.6963218,-1.4155756
0.942751,0.75652444,0.36178052,5.9444427
-0.63524526,-0.40534157,1.1357597,5.547557
-0.46916893,-0.8299452,0.47528142,5.7263837
0.06088593,1.1033014,-0.64590424,0.4479353
-0.5180828,-0.77525723,0.93224174,6.35163
0.6952496,-1.1283377,-0.8520918,7.2971926
0.69131887,-0.9234983,-0.3152157,7.8685856
1.1704321,1.5305898,-1.5290697,0.9732239
0.59423804,-0.17225315,-1.0907745,4.2223697
0.41055,0.3212187,-0.26489896,4.120273
-0.34564248,2.4667642,0.4182497,-1.9197263
-1.2998499,0.11488301,-1.4124404,-2.803971
0.05077291,1.0293261,0.42471555,2.7207024
0.06917339,-0.82953066,-0.006136208,6.396796
-2.234432,-0.5598638,1.1604819,1.1632107
0.7816081,-0.7198541,-0.14102809,7.996923
-0.35465363,-0.51793003,-2.0215285,0.33978552
1.6256738,-1.0615078,1.672082,14.965625
-0.8631166,-0.2542944,-2.0273385,-1.8415812
0.2472237,0.56525743,0.9933519,5.554913
-0.06912935,1.3292489,-3.0103936,-5.223857
-1.1604631,-0.9012179,-0.05778081,2.7556655
-0.5696421,0.2443853,0.92351896,3.7731879
0.12426153,-1.2465624,-1.1497902,5.2638707
0.28262615,-0.7875531,0.26741245,7.482767
-0.9770646,0.5166074,0.23001124,0.4732813
-0.65671057,1.3871756,1.276832,1.4516643
0.5335688,-1.4174765,-0.047926538,9.104331
-1.0320538,3.2450726,0.29943183,-6.091705
-0.18129587,1.5768346,1.371798,2.6177013
0.7316365,-0.3327328,0.005044978,7.1971507
0.79251945,0.04817048,0.015021379,6.488594
-1.6432388,0.33664057,-0.11666523,-1.7640239
-0.35444155,-0.17115194,-1.2795334,0.98322743
1.022471,0.23377933,0.44462782,7.597766
-0.669477,0.10219098,0.17320137,2.2916954
1.7565091,0.7886469,0.73182714,9.046341
0.40998447,-0.11071962,-0.16226639,5.371102
-0.8904376,0.9372625,1.3418362,1.969488
0.76872855,-0.32732624,2.1297376,11.548388
-0.33071557,1.000903,0.5464402,1.9038719
0.51864165,0.81932086,-0.060277376,3.6672502
0.34313977,-0.43616915,0.032580506,6.334472
-1.0393865,-0.13785712,-0.02410525,1.37555
-0.43555737,-0.1050686,0.10635894,3.3405552
-2.6710339,-1.7941839,0.11834299,0.69857633
-0.1814221,1.6718535,-0.3267154,-1.0018578
0.4013964,0.5238723,-0.29737875,3.5647635
-1.0597862,0.8672904,-0.9683948,-3.0170774
0.99935156,1.3654841,-0.39925733,3.1202261
0.53351504,-0.23862669,-1.3069054,3.7614353
2.1942704,0.52656716,-1.4883239,6.539734
-1.0659235,-0.56281,0.50729984,3.3745174
-0.23662637,0.2430481,0.025533536,2.939364
-1.1170533,-0.10534528,1.6086785,4.3026114
-0.4591228,0.518208,2.593641,6.768492
0.67420363,-1.4240948,-0.3821342,8.881338
-0.3149838,-1.3210974,0.8347134,8.090917
-0.6535148,-0.47760335,0.5514192,4.4926214
1.2053854,-0.40403223,1.495638,11.785766
0.03493425,-1.3273921,1.0341437,9.563022
0.100471035,-0.45711374,-0.6728331,4.2447443
0.8896457,-0.60472554,-0.9594459,6.4061265
0.6253669,0.6184072,-0.9034464,2.7761347
0.92220896,-0.007416708,0.050331574,7.0870156
0.124775454,0.39158198,-0.11782824,3.399628
-0.80332506,-0.8379302,-1.5575076,0.69845575
-0.35614383,-0.020105628,0.7024727,4.571465
0.008133709,-1.2142924,-0.8753613,5.3808966
0.84391046,-1.9017806,0.6430678,12.577655
1.0498294,-0.054243024,1.9181036,11.307395
2.2263231,0.17586076,-1.5488884,7.3589296
-1.5654595,0.27502432,-0.08102662,-1.3235408
0.57062876,0.24064927,0.30192003,5.9396033
-1.2514945,-0.03892567,-1.3383594,-2.1173701
-0.707085,-0.51883274,-0.8162217,1.6974578
0.3810594,0.6207508,-0.3844902,3.0690124
-0.095182754,1.4885927,0.93082285,2.2081194
0.19314627,0.49301708,0.17864972,3.951914
0.29990253,-0.73609096,-0.8321427,5.204771
-1.7955339,-1.549145,1.6255838,5.811598
0.18528205,0.45253322,0.2898039,4.263012
0.16716978,-0.6468514,-0.32016522,5.6106796
-1.045661,1.5462965,-0.014291693,-2.6800652
0.8468342,-0.6836521,-0.21702173,7.958316
1.9351654,1.3244238,1.7430283,10.308354
-0.95288724,-0.45568955,0.432859,3.2983515
-0.48578057,-0.31694168,0.60194314,4.6969714
1.2258548,0.62033665,0.6137555,7.6215234
-1.6940482,-0.3231401,0.95071995,1.7907196
-0.99415386,-0.10708007,-0.67864037,0.12261289
2.3568773,-1.3149115,1.2355163,16.884853
2.0422578,-1.2547201,-2.3104126,8.711015
-0.13763718,0.9496046,0.34390616,2.196754
-0.613277,-0.95879185,0.10570708,4.8917484
-0.7734698,0.08109879,0.6454129,2.9997222
2.453091,-0.65741557,1.6322793,16.377949
-1.3612479,0.18863176,-0.5229798,-1.3907709
2.0834146,-0.62413114,0.7827247,13.516749
-0.938057,1.8322983,-1.0335581,-5.0866814
0.09328305,1.2696451,-0.45889774,0.5333466
-0.7337302,0.02491881,-0.11625049,1.6930918
0.7202974,-0.6476089,-1.488194,4.92907
1.7514958,0.30601817,0.25961393,9.21906
0.32560566,-0.00318486,1.239296,7.674757
-0.14836742,0.1559377,0.27916536,3.9418485
0.34330413,0.24280612,-0.40355504,3.836511
-1.7343992,1.3898691,-0.001149606,-4.3320785
0.84723085,0.78381413,-0.5156077,3.8296158
2.0566792,0.9397065,-0.13440807,7.8400407
0.32926032,0.28776658,-0.68010336,3.123465
0.14701779,-0.59242046,-0.79123574,4.458832
0.8962672,0.40311238,-0.14739728,5.6302395
1.1014671,-0.26545012,1.6133828,11.367019
0.62632096,0.43655968,1.4206165,7.882772
-0.63541996,0.37543103,-0.9659013,-0.52815104
-0.15620467,0.10091452,-0.5014729,2.481668
-0.060868196,0.05345174,0.5913539,5.087559
0.9183077,-0.023451317,0.827106,8.649639
-0.28091878,2.1527061,0.18630616,-1.4384927
0.6212352,0.58345807,-0.5894064,3.4946606
0.19858958,1.2093073,-0.40796298,1.0874056
-0.13692981,0.019303083,-0.8268002,2.09123
0.009441512,0.5169516,1.3347771,5.6663313
-0.84814465,1.2814997,1.5018265,1.5805304
-0.6434883,0.60843873,0.39407465,1.5988538
1.04916,-0.12035436,0.59665596,8.809121
1.568719,-0.59870374,0.20476583,10.763717
1.2680084,-1.2601283,-2.137807,6.7438345
-0.022258462,0.10057014,-0.57155865,2.7406943
-0.32455024,-0.18680747,-0.74533445,2.1841667
-0.9181003,-0.4307773,-1.6889132,-0.896333
-0.80652094,0.763993,-0.111958735,-0.2699272
-1.6999204,0.97101367,0.49793434,-2.2334929
-0.22903252,-0.21537349,-0.22746696,3.5726397
0.5687755,0.7383752,1.2008196,6.5353837
2.1873193,0.034567527,-0.16588147,10.352495
0.7223375,-0.5650251,0.048155118,7.8249483
-0.19109556,-1.6363207,0.62790656,8.819131
-0.8318916,-1.333136,2.966639,10.830699
0.20219514,1.3746411,0.5719695,2.65338
-1.3581154,-0.51854396,1.7061572,4.773218
-0.043424737,1.9145745,0.031307917,-0.44232547
